{
        "credit": "Made with Blockbench",
	"parent": "block/block",
	"textures": {
		"0": "#ore",
		"1": "#ore_side",
		"2": "#base",
		"3": "#base_side",
		"particle": "#base"
	},
	"elements": [
		{
			"from": [0, 0, 0],
			"to": [16, 16, 16],
			"faces": {
				"north": {"uv": [0, 0, 16, 16], "texture": "#3"},
				"east": {"uv": [0, 0, 16, 16], "texture": "#3"},
				"south": {"uv": [0, 0, 16, 16], "texture": "#3"},
				"west": {"uv": [0, 0, 16, 16], "texture": "#3"},
				"up": {"uv": [0, 0, 16, 16], "texture": "#2"},
				"down": {"uv": [0, 0, 16, 16], "texture": "#2"}
			}
		},
		{
			"from": [5, 5, 16.1],
			"to": [11, 11, 16.1],
			"faces": {
				"east": {"uv": [0, 0, 0, 6], "texture": "#missing"},
				"south": {"uv": [5, 5, 11, 11], "texture": "#1"},
				"west": {"uv": [0, 0, 0, 6], "texture": "#missing"},
				"up": {"uv": [0, 0, 6, 0], "texture": "#missing"},
				"down": {"uv": [0, 0, 6, 0], "texture": "#missing"}
			}
		},
		{
			"from": [5, 5, -0.1],
			"to": [11, 11, -0.1],
			"faces": {
				"north": {"uv": [5, 5, 11, 11], "texture": "#1"},
				"east": {"uv": [0, 0, 0, 6], "texture": "#missing"},
				"west": {"uv": [0, 0, 0, 6], "texture": "#missing"},
				"up": {"uv": [0, 0, 6, 0], "texture": "#missing"},
				"down": {"uv": [0, 0, 6, 0], "texture": "#missing"}
			}
		},
		{
			"from": [-0.1, 5, 5],
			"to": [-0.1, 11, 11],
			"faces": {
				"north": {"uv": [0, 0, 0, 6], "texture": "#missing"},
				"south": {"uv": [0, 0, 0, 6], "texture": "#missing"},
				"west": {"uv": [5, 5, 11, 11], "texture": "#1"},
				"up": {"uv": [0, 0, 0, 6], "texture": "#missing"},
				"down": {"uv": [0, 0, 0, 6], "texture": "#missing"}
			}
		},
		{
			"from": [16.1, 5, 5],
			"to": [16.1, 11, 11],
			"faces": {
				"north": {"uv": [0, 0, 0, 6], "texture": "#missing"},
				"east": {"uv": [5, 5, 11, 11], "texture": "#1"},
				"south": {"uv": [0, 0, 0, 6], "texture": "#missing"},
				"up": {"uv": [0, 0, 0, 6], "texture": "#missing"},
				"down": {"uv": [0, 0, 0, 6], "texture": "#missing"}
			}
		},
		{
			"from": [5, -0.1, 5],
			"to": [11, -0.1, 11],
			"faces": {
				"north": {"uv": [0, 0, 6, 0], "texture": "#missing"},
				"east": {"uv": [0, 0, 6, 0], "texture": "#missing"},
				"south": {"uv": [0, 0, 6, 0], "texture": "#missing"},
				"west": {"uv": [0, 0, 6, 0], "texture": "#missing"},
				"down": {"uv": [5, 5, 11, 11], "texture": "#0"}
			}
		},
		{
			"from": [5, 16.1, 5],
			"to": [11, 16.1, 11],
			"faces": {
				"north": {"uv": [0, 0, 6, 0], "texture": "#missing"},
				"east": {"uv": [0, 0, 6, 0], "texture": "#missing"},
				"south": {"uv": [0, 0, 6, 0], "texture": "#missing"},
				"west": {"uv": [0, 0, 6, 0], "texture": "#missing"},
				"up": {"uv": [5, 5, 11, 11], "texture": "#0"}
			}
		}
	]
}
