{
	"credit": "Made with Blockbench",
        "parent": "block/block",
        "display": {
            "gui": {
                "rotation": [ 30, 225, 0 ],
                "translation": [ 0, 0, 0],
                "scale":[ 1, 1, 1 ]
            },
            "ground": {
                "rotation": [ 0, 0, 0 ],
                "translation": [ 0, 3, 0],
                "scale":[ 0.5, 0.5, 0.5 ]
            }
        },
	"textures": {
		"2": "#leaves",
		"3": "#log",
		"4": "#log_top",
		"particle": "#leaves"
	},
	"elements": [
		{
			"from": [7, 0, 7],
			"to": [9, 6, 9],
			"faces": {
				"north": {"uv": [0, 0, 8, 16], "texture": "#3"},
				"east": {"uv": [0, 0, 8, 16], "texture": "#3"},
				"south": {"uv": [0, 0, 8, 16], "texture": "#3"},
				"west": {"uv": [0, 0, 8, 16], "texture": "#3"},
				"up": {"uv": [0, 0, 16, 16], "texture": "#4"},
				"down": {"uv": [0, 0, 16, 16], "texture": "#4"}
			}
		},
		{
			"from": [4, 4, 4],
			"to": [12, 12, 12],
			"rotation": {"angle": 0, "axis": "y", "origin": [6, 4, 8]},
			"faces": {
				"north": {"uv": [0, 0, 16, 16], "texture": "#2"},
				"east": {"uv": [0, 0, 16, 16], "texture": "#2"},
				"south": {"uv": [0, 0, 16, 16], "texture": "#2"},
				"west": {"uv": [0, 0, 16, 16], "texture": "#2"},
				"up": {"uv": [0, 0, 16, 16], "texture": "#2"},
				"down": {"uv": [0, 0, 16, 16], "texture": "#2"}
			}
		}
	]
}
